﻿Weighted.Score,Sg Abv Ca,NTA,NTA.Name,Food.Insecure.Percentage,Food.Insecure.Percentage Rank,Geometry,Rank,sg abv ca Rank,Unemployment.Rate,Unemployment.Rate Rank,Vulnerable.Population.Percentage,Vulnerable.Population.Percentage Rank
5.6492,656338.4355,BK0101,Greenpoint,12.63%,137,MultiPolygon,82,40,7.35%,91,12.39%,147
6.1449,822035.3505,BK0102,Williamsburg,16.60%,80,MultiPolygon,42,28,6.38%,124,12.50%,141
6.4041,718688.8672,BK0103,South Williamsburg,14.54%,107,MultiPolygon,26,36,8.79%,58,7.70%,193
8.221,2776626.0961,BK0104,East Williamsburg,35.99%,1,MultiPolygon,1,1,6.38%,126,12.43%,146
4.6922,220711.6,BK0201,Brooklyn Heights,8.96%,181,MultiPolygon,164,104,3.77%,186,9.80%,182
4.5585,-290621.2545,BK0202,Downtown Brooklyn-DUMBO-Boerum Hill,13.93%,120,MultiPolygon,170,147,6.26%,131,14.49%,102
5.7024,32229.3141,BK0203,Fort Greene,17.39%,71,MultiPolygon,75,121,8.24%,75,10.59%,173
5.7684,189677.3903,BK0204,Clinton Hill,17.89%,65,MultiPolygon,71,108,7.59%,83,10.15%,180
5.5632,-463783.509,BK0301,Bedford-Stuyvesant (West),15.52%,95,MultiPolygon,92,153,7.77%,81,10.28%,176
3.2973,-3265226.3004,BK0302,Bedford-Stuyvesant (East),17.27%,72,MultiPolygon,191,192,9.12%,48,10.19%,179
5.9503,256139.4679,BK0401,Bushwick (West),16.53%,81,MultiPolygon,56,99,7.12%,103,16.01%,80
5.0732,-831492.9453,BK0402,Bushwick (East),15.23%,98,MultiPolygon,133,162,7.57%,84,13.92%,111
4.2373,-1462795.6837,BK0501,Cypress Hills,14.02%,115,MultiPolygon,179,180,5.46%,149,17.36%,56
4.3831,-1871331.6074,BK0502,East New York (North),15.79%,91,MultiPolygon,175,183,9.91%,35,13.82%,114
5.6278,-919757.0744,BK0503,East New York-New Lots,19.51%,55,MultiPolygon,83,168,12.36%,18,13.23%,129
5.7885,917.4933,BK0504,Spring Creek-Starrett City,22.38%,37,MultiPolygon,69,123,8.13%,76,8.26%,191
4.5734,-1250389.7944,BK0505,East New York-City Line,15.16%,100,MultiPolygon,169,176,6.43%,122,13.28%,125
5.5743,172490.3731,BK0601,Carroll Gardens-Cobble Hill-Gowanus-Red Hook,16.86%,76,MultiPolygon,88,110,7.17%,99,10.65%,172
5.5821,461116.7487,BK0602,Park Slope,9.43%,176,MultiPolygon,87,68,5.62%,142,9.87%,181
5.7483,567706.2066,BK0701,Windsor Terrace-South Slope,13.94%,119,MultiPolygon,73,52,6.39%,123,10.51%,174
6.8246,1242983.0474,BK0702,Sunset Park (West),21.51%,41,MultiPolygon,13,10,6.28%,130,21.33%,26
5.5144,253310.0107,BK0703,Sunset Park (Central),13.28%,129,MultiPolygon,95,102,7.17%,98,33.29%,3
4.9265,89800.7604,BK0801,Prospect Heights,11.32%,155,MultiPolygon,145,115,4.84%,172,9.38%,185
5.0635,-1060374.8421,BK0802,Crown Heights (North),15.21%,99,MultiPolygon,134,172,8.66%,66,11.42%,161
4.8538,-427945.4578,BK0901,Crown Heights (South),14.14%,112,MultiPolygon,155,151,8.97%,53,14.85%,98
4.8643,-848516.8806,BK0902,Prospect Lefferts Gardens-Wingate,12.17%,143,MultiPolygon,153,163,6.29%,129,12.85%,137
6.5749,1760897.7134,BK1001,Bay Ridge,17.16%,74,MultiPolygon,21,4,6.07%,134,13.66%,117
5.7031,871603.1507,BK1002,Dyker Heights,19.65%,53,MultiPolygon,74,26,6.72%,116,20.72%,28
6.4179,1055881.799,BK1101,Bensonhurst,15.54%,94,MultiPolygon,24,14,7.53%,86,24.86%,16
5.3498,626488.4884,BK1102,Bath Beach,16.82%,77,MultiPolygon,111,44,5.47%,148,20.36%,31
6.0331,749121.5149,BK1103,Gravesend (West),16.00%,87,MultiPolygon,51,34,8.94%,55,21.88%,24
5.9516,556183.1125,BK1201,Sunset Park (East)-Borough Park (West),16.11%,85,MultiPolygon,55,53,9.13%,47,29.07%,8
5.9452,617741.4649,BK1202,Borough Park,19.68%,52,MultiPolygon,58,47,7.53%,85,12.12%,152
4.7631,-109831.4229,BK1203,Kensington,12.78%,134,MultiPolygon,161,134,5.67%,138,14.23%,108
6.0584,750828.8393,BK1204,Mapleton-Midwood (West),26.43%,21,MultiPolygon,50,33,5.11%,162,13.99%,109
4.4826,-820212.2393,BK1301,Gravesend (South),24.25%,29,MultiPolygon,172,161,9.06%,50,17.83%,51
6.6135,994956.76,BK1302,Coney Island-Sea Gate,24.17%,30,MultiPolygon,19,18,10.17%,31,13.46%,119
5.3905,82148.9063,BK1303,Brighton Beach,10.17%,168,MultiPolygon,108,116,4.36%,181,26.20%,13
4.9111,-715826.7657,BK1401,Flatbush,8.23%,185,MultiPolygon,148,160,5.07%,165,16.58%,66
4.6868,-858689.7245,BK1402,Flatbush (West)-Ditmas Park-Parkville,16.81%,78,MultiPolygon,165,165,6.91%,111,16.13%,76
5.6832,329602.3106,BK1403,Midwood,15.05%,102,MultiPolygon,78,86,5.66%,139,16.66%,65
5.9463,1033946.3546,BK1501,Gravesend (East)-Homecrest,17.61%,69,MultiPolygon,57,15,7.22%,95,17.25%,57
5.1318,422269.3673,BK1502,Madison,14.06%,114,MultiPolygon,127,72,5.35%,154,16.27%,74
7.2775,1907055.7504,BK1503,Sheepshead Bay-Manhattan Beach-Gerritsen Beach,21.11%,42,MultiPolygon,5,3,4.91%,170,15.95%,81
3.5362,-2598736.7898,BK1601,Ocean Hill,16.73%,79,MultiPolygon,188,190,7.99%,79,12.39%,148
6.4155,-397022.3107,BK1602,Brownsville,24.29%,27,MultiPolygon,25,150,14.85%,7,13.98%,110
4.7739,-1005067.2496,BK1701,East Flatbush-Erasmus,11.82%,147,MultiPolygon,157,171,7.13%,102,16.35%,72
4.7717,-1214653.8267,BK1702,East Flatbush-Farragut,9.51%,175,MultiPolygon,160,174,8.74%,59,16.94%,60
4.3175,-1571148.5208,BK1703,East Flatbush-Rugby,9.79%,172,MultiPolygon,177,181,7.21%,96,16.35%,71
4.8112,-1435302.713,BK1704,East Flatbush-Remsen Village,14.46%,108,MultiPolygon,156,179,11.02%,27,16.81%,61
2.4925,-3444044.3797,BK1801,Flatlands,7.72%,189,MultiPolygon,193,193,7.44%,88,13.18%,130
4.8773,-152372.5432,BK1802,Marine Park-Mill Basin-Bergen Beach,10.54%,167,MultiPolygon,150,137,3.36%,190,11.15%,166
1.9331,-4606011.5076,BK1803,Canarsie,7.51%,192,MultiPolygon,196,197,7.03%,105,13.40%,122
6.903,189799.9432,BX0101,Mott Haven-Port Morris,31.43%,7,MultiPolygon,11,107,13.11%,15,15.27%,90
4.3791,-2061895.0682,BX0102,Melrose,22.73%,35,MultiPolygon,176,187,11.32%,25,13.81%,115
5.3225,-883051.0028,BX0201,Hunts Point,26.58%,20,MultiPolygon,113,167,14.08%,10,16.45%,68
4.6066,-1900388.3471,BX0202,Longwood,20.97%,43,MultiPolygon,167,185,17.00%,1,15.06%,93
3.9964,-2560586.0877,BX0301,Morrisania,29.56%,13,MultiPolygon,182,189,15.62%,4,13.36%,123
6.3124,-266831.0613,BX0302,Claremont Village-Claremont (East),31.58%,6,MultiPolygon,29,143,14.92%,6,12.72%,139
6.1081,-184155.0552,BX0303,Crotona Park East,30.35%,11,MultiPolygon,45,138,11.66%,22,16.30%,73
5.9755,-651134.1577,BX0401,Concourse-Concourse Village,23.82%,31,MultiPolygon,54,158,11.09%,26,19.07%,39
6.7024,755612.1808,BX0402,Highbridge,32.07%,5,MultiPolygon,17,31,9.79%,39,15.18%,92
7.2076,616739.6518,BX0403,Mount Eden-Claremont (West),19.88%,50,MultiPolygon,6,48,14.42%,8,21.27%,27
8.0704,1669388.8684,BX0501,University Heights (South)-Morris Heights,29.44%,14,MultiPolygon,2,6,11.98%,20,19.63%,34
6.7318,101509.5768,BX0502,Mount Hope,19.38%,56,MultiPolygon,16,114,13.86%,11,23.94%,19
6.3576,-197167.6924,BX0503,Fordham Heights,16.19%,83,MultiPolygon,27,139,14.27%,9,26.83%,11
7.1209,464644.5264,BX0601,West Farms,34.35%,2,MultiPolygon,8,67,16.58%,2,16.67%,64
6.0214,-374790.7404,BX0602,Tremont,31.25%,8,MultiPolygon,52,149,12.47%,17,16.40%,69
6.8898,227731.8694,BX0603,Belmont,33.87%,3,MultiPolygon,12,103,15.03%,5,22.36%,23
6.2888,196301.0523,BX0701,University Heights (North)-Fordham,26.67%,19,MultiPolygon,32,106,13.32%,14,24.22%,18
7.1887,640922.4202,BX0702,Bedford Park,30.06%,12,MultiPolygon,7,42,13.33%,13,24.55%,17
5.6821,-502278.5904,BX0703,Norwood,18.75%,61,MultiPolygon,79,154,10.00%,33,23.44%,22
6.2258,911265.4762,BX0801,Kingsbridge Heights-Van Cortlandt Village,19.27%,58,MultiPolygon,38,23,9.80%,38,17.74%,53
6.1726,995771.4658,BX0802,Kingsbridge-Marble Hill,25.35%,24,MultiPolygon,40,17,8.88%,57,16.06%,78
6.6493,2022029.1425,BX0803,Riverdale-Spuyten Duyvil,27.11%,17,MultiPolygon,18,2,5.62%,141,10.73%,170
7.6866,1625975.8588,BX0901,Soundview-Bruckner-Bronx River,22.63%,36,MultiPolygon,3,7,10.06%,32,21.43%,25
5.6944,-42009.3546,BX0902,Soundview-Clason Point,18.22%,63,MultiPolygon,77,127,10.91%,28,11.04%,168
5.8161,358427.6011,BX0903,Castle Hill-Unionport,23.77%,33,MultiPolygon,66,81,8.71%,63,15.51%,85
6.1183,309029.5383,BX0904,Parkchester,10.97%,161,MultiPolygon,44,90,11.61%,23,14.98%,94
5.0758,-280008.9768,BX1001,Westchester Square,24.31%,26,MultiPolygon,132,146,7.08%,104,17.98%,48
5.8195,954937.338,BX1002,Throgs Neck-Schuylerville,15.43%,96,MultiPolygon,65,20,7.13%,101,9.27%,186
5.5636,553185.0995,BX1003,Pelham Bay-Country Club-City Island,12.57%,138,MultiPolygon,91,55,8.72%,62,12.48%,142
5.3524,353584.608,BX1004,Co-op City,11.79%,148,MultiPolygon,110,84,8.51%,68,9.17%,187
6.238,652105.9579,BX1101,Pelham Parkway-Van Nest,20.47%,46,MultiPolygon,37,41,9.91%,36,17.16%,58
5.4158,397713.7853,BX1102,Morris Park,26.96%,18,MultiPolygon,104,75,8.12%,77,15.68%,83
5.7972,217002.497,BX1103,Pelham Gardens,14.20%,111,MultiPolygon,67,105,6.81%,115,12.90%,136
6.5994,693814.7977,BX1104,Allerton,15.94%,89,MultiPolygon,20,38,10.64%,30,17.57%,54
6.1025,-67503.599,BX1201,Williamsbridge-Olinville,20.16%,48,MultiPolygon,47,130,10.74%,29,16.18%,75
6.2421,143915.367,BX1202,Eastchester-Edenwald-Baychester,25.37%,23,MultiPolygon,36,111,9.62%,42,14.55%,101
6.2935,357864.871,BX1203,Wakefield-Woodlawn,19.28%,57,MultiPolygon,31,82,9.24%,44,15.28%,89
4.482,72142.5598,MN0101,Financial District-Battery Park City,10.99%,160,MultiPolygon,173,118,2.96%,195,10.68%,171
5.3445,295337.4346,MN0102,Tribeca-Civic Center,11.87%,146,MultiPolygon,112,94,2.98%,194,11.19%,164
5.4122,312580.3452,MN0201,SoHo-Little Italy-Hudson Square,15.79%,92,MultiPolygon,105,89,3.45%,188,13.18%,131
5.2454,354246.2357,MN0202,Greenwich Village,11.98%,145,MultiPolygon,117,83,5.65%,140,11.16%,165
5.1129,253349.6214,MN0203,West Village,11.54%,152,MultiPolygon,129,101,7.27%,93,10.26%,177
6.804,714859.1279,MN0301,Chinatown-Two Bridges,17.43%,70,MultiPolygon,14,37,11.55%,24,18.02%,46
5.768,280679.9482,MN0302,Lower East Side,23.39%,34,MultiPolygon,72,95,5.32%,158,12.56%,140
5.3079,188107.9845,MN0303,East Village,15.86%,90,MultiPolygon,114,109,5.34%,156,11.74%,159
4.9151,-251103.7907,MN0401,Chelsea-Hudson Yards,12.74%,135,MultiPolygon,147,142,4.38%,180,12.19%,150
5.6172,345671.5112,MN0402,Hell's Kitchen,12.22%,142,MultiPolygon,84,85,6.36%,127,14.75%,100
5.1866,105808.4448,MN0501,Midtown South-Flatiron-Union Square,15.55%,93,MultiPolygon,121,113,5.07%,166,13.41%,121
5.6562,549637.2908,MN0502,Midtown-Times Square,33.46%,4,MultiPolygon,81,57,5.77%,136,15.68%,84
4.9155,323939.5496,MN0601,Stuyvesant Town-Peter Cooper Village,14.97%,104,MultiPolygon,146,88,2.60%,196,13.10%,133
4.8702,266392.705,MN0602,Gramercy,11.02%,159,MultiPolygon,152,97,2.99%,193,9.65%,184
5.4956,624966.4639,MN0603,Murray Hill-Kips Bay,10.91%,163,MultiPolygon,98,45,3.26%,191,14.47%,103
4.947,388221.0416,MN0604,East Midtown-Turtle Bay,8.11%,186,MultiPolygon,143,76,4.60%,175,13.24%,128
6.1249,935126.5509,MN0701,Upper West Side-Lincoln Square,12.89%,131,MultiPolygon,43,22,6.07%,133,14.23%,107
5.502,307081.4724,MN0702,Upper West Side (Central),12.12%,144,MultiPolygon,97,92,4.42%,178,13.25%,127
6.2667,752131.6343,MN0703,Upper West Side-Manhattan Valley,15.41%,97,MultiPolygon,34,32,7.16%,100,13.82%,113
5.1726,621584.8186,MN0801,Upper East Side-Lenox Hill-Roosevelt Island,9.01%,180,MultiPolygon,123,46,3.67%,187,16.80%,62
5.1288,520883.1931,MN0802,Upper East Side-Carnegie Hill,17.81%,66,MultiPolygon,128,61,5.11%,163,11.06%,167
5.1603,487634.8317,MN0803,Upper East Side-Yorkville,10.16%,169,MultiPolygon,125,65,5.20%,160,11.88%,157
5.8745,-132096.4368,MN0901,Morningside Heights,22.18%,38,MultiPolygon,59,136,10.00%,34,18.80%,40
6.2199,498743.2251,MN0902,Manhattanville-West Harlem,24.41%,25,MultiPolygon,39,64,12.92%,16,14.25%,106
5.7956,452959.8826,MN0903,Hamilton Heights-Sugar Hill,18.40%,62,MultiPolygon,68,69,8.35%,71,17.84%,50
3.8079,-1608497.9919,MN1001,Harlem (South),15.12%,101,MultiPolygon,186,182,6.92%,110,11.88%,156
6.2553,326600.4669,MN1002,Harlem (North),19.60%,54,MultiPolygon,35,87,11.77%,21,12.75%,138
6.7968,884649.9346,MN1101,East Harlem (South),21.65%,40,MultiPolygon,15,25,8.97%,54,12.97%,135
6.1476,-41044.8361,MN1102,East Harlem (North),25.44%,22,MultiPolygon,41,126,8.98%,52,12.46%,144
7.0871,992331.3375,MN1201,Washington Heights (South),20.29%,47,MultiPolygon,9,19,13.60%,12,19.32%,37
7.3895,1463457.0199,MN1202,Washington Heights (North),24.29%,28,MultiPolygon,4,9,12.25%,19,18.57%,41
4.5837,-930280.2196,MN1203,Inwood,14.99%,103,MultiPolygon,168,170,8.34%,72,17.05%,59
6.4451,1550913.7042,QN0101,Astoria (North)-Ditmars-Steinway,20.10%,49,MultiPolygon,23,8,7.72%,82,13.15%,132
4.9508,59285.6616,QN0102,Old Astoria-Hallets Point,19.82%,51,MultiPolygon,141,119,7.35%,92,18.16%,43
5.8564,589411.2964,QN0103,Astoria (Central),11.65%,150,MultiPolygon,61,50,6.82%,114,16.10%,77
5.771,757885.3646,QN0104,Astoria (East)-Woodside (North),16.93%,75,MultiPolygon,70,30,8.73%,61,18.01%,47
2.2455,-3790742.5204,QN0105,Queensbridge-Ravenswood-Dutch Kills,18.81%,60,MultiPolygon,195,195,7.24%,94,17.41%,55
5.1386,-277593.3785,QN0201,Long Island City-Hunters Point,11.46%,153,MultiPolygon,126,145,5.53%,144,20.54%,29
5.1813,-505568.1104,QN0202,Sunnyside,16.36%,82,MultiPolygon,122,156,6.52%,120,25.55%,14
4.0001,-923457.0098,QN0203,Woodside,14.78%,105,MultiPolygon,181,169,4.95%,169,33.14%,4
7.0706,1730635.8198,QN0301,Jackson Heights,17.62%,68,MultiPolygon,10,5,9.09%,49,26.41%,12
5.5918,-86169.6618,QN0302,East Elmhurst,18.87%,59,MultiPolygon,85,131,7.17%,97,23.64%,21
5.4091,116976.1498,QN0303,North Corona,13.77%,122,MultiPolygon,106,112,3.18%,192,39.69%,1
6.3512,1105882.2112,QN0401,Elmhurst,13.99%,118,MultiPolygon,28,12,5.48%,146,32.40%,5
6.4885,679291.5649,QN0402,Corona,14.10%,113,MultiPolygon,22,39,6.68%,117,32.09%,6
5.8532,500753.8188,QN0501,Maspeth,11.58%,151,MultiPolygon,62,63,6.87%,112,18.05%,45
6.3122,946858.3454,QN0502,Ridgewood,12.82%,132,MultiPolygon,30,21,6.98%,108,19.54%,36
5.1623,79226.3245,QN0503,Glendale,17.72%,67,MultiPolygon,124,117,4.88%,171,14.81%,99
3.9625,-684793.762,QN0504,Middle Village,11.42%,154,MultiPolygon,183,159,4.12%,184,14.87%,97
5.2516,607574.3122,QN0601,Rego Park,17.24%,73,MultiPolygon,116,49,5.48%,147,20.39%,30
4.7528,-110801.2981,QN0602,Forest Hills,10.97%,162,MultiPolygon,162,135,4.61%,174,16.51%,67
6.1005,1032956.4409,QN0701,College Point,20.81%,44,MultiPolygon,48,16,9.13%,46,19.26%,38
5.5648,542804.1934,QN0702,Whitestone-Beechhurst,11.20%,157,MultiPolygon,90,58,8.67%,65,11.95%,155
5.0869,381067.5249,QN0703,Bay Terrace-Clearview,9.97%,170,MultiPolygon,131,78,5.93%,135,10.29%,175
6.0741,831093.2051,QN0704,Murray Hill-Broadway Flushing,12.37%,140,MultiPolygon,49,27,5.45%,152,27.11%,10
5.2114,274269.3115,QN0705,East Flushing,20.70%,45,MultiPolygon,120,96,7.36%,90,29.60%,7
5.4726,905811.3374,QN0706,Queensboro Hill,30.92%,10,MultiPolygon,102,24,5.16%,161,28.48%,9
5.8683,365502.9772,QN0707,Flushing-Willets Point,15.96%,88,MultiPolygon,60,79,6.67%,118,36.52%,2
4.3161,-564871.9309,QN0801,Kew Gardens Hills,14.01%,116,MultiPolygon,178,157,6.38%,125,14.93%,95
5.1118,37786.5637,QN0802,Pomonok-Electchester-Hillcrest,10.66%,166,MultiPolygon,130,120,8.73%,60,13.80%,116
4.9786,508143.2153,QN0803,Fresh Meadows-Utopia,13.84%,121,MultiPolygon,138,62,4.01%,185,15.76%,82
6.2705,634647.9556,QN0804,Jamaica Estates-Holliswood,21.99%,39,MultiPolygon,33,43,8.41%,69,17.94%,49
5.8399,-42203.402,QN0805,Jamaica Hills-Briarwood,14.25%,109,MultiPolygon,64,128,9.67%,41,18.54%,42
4.6179,-90179.3138,QN0901,Kew Gardens,13.57%,125,MultiPolygon,166,132,5.45%,151,13.27%,126
1.6679,-3674853.8866,QN0902,Richmond Hill,13.60%,124,MultiPolygon,197,194,6.53%,119,19.58%,35
4.7725,-505298.1104,QN0903,South Richmond Hill,13.99%,117,MultiPolygon,159,155,7.99%,78,25.11%,15
4.9605,29508.4904,QN0904,Ozone Park (North),28.32%,15,MultiPolygon,139,122,7.47%,87,19.73%,33
4.7738,-453921.8731,QN0905,Woodhaven,12.71%,136,MultiPolygon,158,152,7.02%,106,19.82%,32
6.0137,-11249.6798,QN1001,South Ozone Park,12.48%,139,MultiPolygon,53,124,9.05%,51,17.76%,52
5.2864,552004.1179,QN1002,Ozone Park,27.15%,16,MultiPolygon,115,56,6.47%,121,14.31%,104
5.5142,541093.5056,QN1003,Howard Beach-Lindenwood,12.25%,141,MultiPolygon,96,59,8.25%,74,7.59%,195
5.3761,765552.4973,QN1101,Auburndale,13.40%,128,MultiPolygon,109,29,5.33%,157,18.09%,44
5.6735,735286.4874,QN1102,Bayside,12.79%,133,MultiPolygon,80,35,4.40%,179,13.86%,112
4.9457,258347.5935,QN1103,Douglaston-Little Neck,10.78%,164,MultiPolygon,144,98,5.74%,137,12.00%,153
4.949,426721.4878,QN1104,Oakland Gardens-Hollis Hills,9.76%,173,MultiPolygon,142,71,4.44%,177,13.30%,124
3.9281,-2384216.4403,QN1201,Jamaica,13.23%,130,MultiPolygon,184,188,9.36%,43,23.81%,20
3.1957,-3923144.6392,QN1202,South Jamaica,13.66%,123,MultiPolygon,192,196,15.62%,3,16.73%,63
4.9812,-1116687.2877,QN1203,Baisley Park,8.62%,183,MultiPolygon,137,173,9.75%,40,14.90%,96
4.4723,-1249890.6689,QN1204,Springfield Gardens (North)-Rochdale Village,7.03%,193,MultiPolygon,174,175,6.93%,109,9.70%,183
2.3549,-3121732.8749,QN1205,St. Albans,7.53%,191,MultiPolygon,194,191,5.34%,155,11.99%,154
4.0187,-1405339.3898,QN1206,Hollis,9.24%,177,MultiPolygon,180,178,8.41%,70,15.32%,88
5.5913,1188617.8994,QN1301,Glen Oaks-Floral Park-New Hyde Park,31.09%,9,MultiPolygon,86,11,4.19%,183,13.63%,118
5.5665,471326.9946,QN1302,Bellerose,11.30%,156,MultiPolygon,89,66,5.58%,143,16.36%,70
3.7446,-1891016.6741,QN1303,Queens Village,9.20%,178,MultiPolygon,187,184,9.17%,45,15.50%,86
3.9054,-882718.7291,QN1304,Cambria Heights,3.41%,196,MultiPolygon,185,166,5.42%,153,12.15%,151
3.4683,-1331391.6492,QN1305,Laurelton,2.92%,197,MultiPolygon,189,177,5.04%,167,11.34%,163
5.4778,-270719.192,QN1306,Springfield Gardens (South)-Brookville,9.02%,179,MultiPolygon,100,144,8.56%,67,12.38%,149
4.8629,-52191.3035,QN1307,Rosedale,5.49%,195,MultiPolygon,154,129,7.44%,89,13.08%,134
5.8437,-234290.8483,QN1401,Far Rockaway-Bayswater,16.15%,84,MultiPolygon,63,141,9.85%,37,15.24%,91
5.2339,-98644.2063,QN1402,Rockaway Beach-Arverne-Edgemere,14.22%,110,MultiPolygon,118,133,8.26%,73,11.79%,158
5.4042,300542.801,QN1403,Breezy Point-Belle Harbor-Rockaway Park-Broad Channel,17.97%,64,MultiPolygon,107,93,6.33%,128,8.26%,192
4.9998,-309762.2068,SI0101,St. George-New Brighton,7.53%,190,MultiPolygon,136,148,8.68%,64,12.47%,143
3.3294,-1977610.2306,SI0102,Tompkinsville-Stapleton-Clifton-Fox Hills,8.85%,182,MultiPolygon,190,186,6.87%,113,14.29%,105
5.2165,-220501.2981,SI0103,Rosebank-Shore Acres-Park Hill,8.08%,187,MultiPolygon,119,140,7.90%,80,12.44%,145
4.8789,-20428.5443,SI0104,West New Brighton-Silver Lake-Grymes Hill,13.50%,126,MultiPolygon,149,125,4.51%,176,10.23%,178
5.5399,523984.8812,SI0105,Westerleigh-Castleton Corners,10.72%,165,MultiPolygon,93,60,4.27%,182,9.16%,188
4.5446,-858562.3008,SI0106,Port Richmond,13.49%,127,MultiPolygon,171,164,8.91%,56,15.32%,87
5.5337,397831.7666,SI0107,Mariner's Harbor-Arlington-Graniteville,11.05%,158,MultiPolygon,94,74,7.00%,107,13.44%,120
5.4764,433547.2787,SI0201,Grasmere-Arrochar-South Beach-Dongan Hills,11.69%,149,MultiPolygon,101,70,5.08%,164,11.58%,160
5.4782,385255.7874,SI0202,New Dorp-Midland Beach,8.45%,184,MultiPolygon,99,77,5.46%,150,16.05%,79
5.6998,577956.4114,SI0203,Todt Hill-Emerson Hill-Lighthouse Hill-Manor Heights,23.78%,32,MultiPolygon,76,51,5.52%,145,10.84%,169
6.1043,1075153.9241,SI0204,New Springville-Willowbrook-Bulls Head-Travis,16.09%,86,MultiPolygon,46,13,5.02%,168,11.41%,162
5.4428,254079.996,SI0301,Oakwood-Richmondtown,9.54%,174,MultiPolygon,103,100,6.19%,132,9.12%,189
5.023,404970.069,SI0302,Great Kills-Eltingville,8.01%,188,MultiPolygon,135,73,5.27%,159,7.63%,194
4.873,307646.0685,SI0303,Arden Heights-Rossville,6.00%,194,MultiPolygon,151,91,4.70%,173,8.43%,190
4.9554,553347.696,SI0304,Annadale-Huguenot-Prince's Bay-Woodrow,9.82%,171,MultiPolygon,140,54,3.40%,189,7.49%,196
4.7246,362588.991,SI0305,Tottenville-Charleston,14.60%,106,MultiPolygon,163,80,1.38%,197,7.04%,197
